{"cameraMode":{"drawMode":0,"name":"Shaded","section":"Shading Mode"},"sceneLighting":true,"audioPlay":false,"sceneViewState":{"m_AlwaysRefresh":true,"showFog":true,"showSkybox":true,"showFlares":true,"showImageEffects":true,"showParticleSystems":true,"showVisualEffectGraphs":true,"m_FxEnabled":true},"in2DMode":false,"pivot":{"x":-33.561981201171878,"y":-2.181122303009033,"z":20.88994789123535},"rotation":{"x":0.2793746292591095,"y":0.06527568399906159,"z":-0.01906232163310051,"w":0.9578056335449219},"size":22.385852813720704,"orthographic":false}