{"cameraMode":{"drawMode":0,"name":"Shaded","section":"Shading Mode"},"sceneLighting":true,"audioPlay":false,"sceneViewState":{"m_AlwaysRefresh":true,"showFog":true,"showSkybox":true,"showFlares":true,"showImageEffects":true,"showParticleSystems":true,"showVisualEffectGraphs":true,"m_FxEnabled":true},"in2DMode":false,"pivot":{"x":-17.885377883911134,"y":-0.06734710931777954,"z":22.370647430419923},"rotation":{"x":-0.03475864976644516,"y":-0.9644165635108948,"z":0.1638762354850769,"w":-0.204706609249115},"size":0.8660253882408142,"orthographic":false}